{
  "metadata": {
    "equivalence_test": "max_abs(F_gplus_star / (1 - gamma) - Q_norm_star)",
    "experiment_id": "0001",
    "finite_mdp_tolerance": 1e-06,
    "project": "reward_to_gcrl",
    "reward_matrix": [
      [
        0.0,
        0.3
      ],
      [
        0.6,
        0.2
      ],
      [
        1.0,
        0.1
      ]
    ],
    "transition_tensor_shape": [
      3,
      2,
      3
    ],
    "value_iteration_tolerance": 1e-12
  },
  "rows": [
    {
      "f_final_delta": 9.385825450181073e-13,
      "f_gplus_star": [
        [
          0.7893818181733714,
          0.8645454545370078
        ],
        [
          0.9272727272642806,
          0.8834272727188259
        ],
        [
          0.9999999999915533,
          0.8368545454460987
        ]
      ],
      "f_value_iteration_steps": 242,
      "gamma": 0.9,
      "max_abs_error_scaled_f_vs_q": 7.615064134824934e-11,
      "passes_tolerance": true,
      "q_final_delta": 9.254819133275305e-13,
      "q_star": [
        [
          7.893818181809866,
          8.645454545446231
        ],
        [
          9.272727272718956,
          8.83427272726441
        ],
        [
          9.999999999991683,
          8.368545454537138
        ]
      ],
      "q_value_iteration_steps": 264,
      "scaled_f_gplus_star": [
        [
          7.893818181733716,
          8.64545454537008
        ],
        [
          9.272727272642808,
          8.834272727188262
        ],
        [
          9.999999999915536,
          8.368545454460989
        ]
      ]
    },
    {
      "f_final_delta": 9.63895629979561e-13,
      "f_gplus_star": [
        [
          0.8886571428388291,
          0.9288095237912101
        ],
        [
          0.9619047618864482,
          0.9397107142674006
        ],
        [
          0.9999999999816864,
          0.9144214285531147
        ]
      ],
      "f_value_iteration_steps": 482,
      "gamma": 0.95,
      "max_abs_error_scaled_f_vs_q": 3.475904009064834e-10,
      "passes_tolerance": true,
      "q_final_delta": 9.876544027065393e-13,
      "q_star": [
        [
          17.773142857124153,
          18.57619047617177
        ],
        [
          19.238095238076532,
          18.794214285695574
        ],
        [
          19.99999999998129,
          18.288428571409867
        ]
      ],
      "q_value_iteration_steps": 540,
      "scaled_f_gplus_star": [
        [
          17.773142856776566,
          18.576190475824184
        ],
        [
          19.23809523772895,
          18.794214285347994
        ],
        [
          19.99999999963371,
          18.288428571062276
        ]
      ]
    },
    {
      "f_final_delta": 9.906520048730272e-13,
      "f_gplus_star": [
        [
          0.9766771484167892,
          0.9851584157435218
        ],
        [
          0.9920792078227297,
          0.987592049406888
        ],
        [
          0.9999999999019377,
          0.9821840989118387
        ]
      ],
      "f_value_iteration_steps": 2293,
      "gamma": 0.99,
      "max_abs_error_scaled_f_vs_q": 9.707918025014806e-09,
      "passes_tolerance": true,
      "q_final_delta": 9.947598300641403e-13,
      "q_star": [
        [
          97.66771485138672,
          98.51584158405998
        ],
        [
          99.20792079198078,
          98.75920495039662
        ],
        [
          99.99999999990159,
          98.21840990089167
        ]
      ],
      "q_value_iteration_steps": 2751,
      "scaled_f_gplus_star": [
        [
          97.66771484167883,
          98.5158415743521
        ],
        [
          99.20792078227288,
          98.75920494068872
        ],
        [
          99.99999999019367,
          98.21840989118378
        ]
      ]
    },
    {
      "f_final_delta": 9.969802761133906e-13,
      "f_gplus_star": [
        [
          0.9882696415926773,
          0.9925398007966575
        ],
        [
          0.996019900299145,
          0.9937731303986473
        ],
        [
          0.9999999998016326,
          0.9910462609956623
        ]
      ],
      "f_value_iteration_steps": 4457,
      "gamma": 0.995,
      "max_abs_error_scaled_f_vs_q": 3.9475168023273e-08,
      "passes_tolerance": true,
      "q_final_delta": 9.947598300641403e-13,
      "q_star": [
        [
          197.65392835801046,
          198.50796019880644
        ],
        [
          199.20398009930395,
          198.75462611920443
        ],
        [
          199.99999999980147,
          198.20925223860743
        ]
      ],
      "q_value_iteration_steps": 5514,
      "scaled_f_gplus_star": [
        [
          197.6539283185353,
          198.50796015933133
        ],
        [
          199.20398005982884,
          198.7546260797293
        ],
        [
          199.99999996032633,
          198.2092521991323
        ]
      ]
    }
  ]
}
