{
  "metadata": {
    "experiment_id": "0007",
    "transition_table_hash": "2e481565b49954b048469471863e55d38268fb628e07d8839b77f881ae07a2ed"
  },
  "rows": [
    {
      "exact_greedy_policy": [
        1,
        1,
        1,
        1,
        1,
        1
      ],
      "f_gplus_star": [
        [
          0.2126535293972451,
          0.2233195046287773
        ],
        [
          0.2121535293972451,
          0.25270364997491473
        ],
        [
          0.24006846747607563,
          0.29490193389305197
        ],
        [
          0.28015683719830603,
          0.34527641563999173
        ],
        [
          0.32801259485789885,
          0.40439403568532284
        ],
        [
          0.38417433390096334,
          0.47365054316355665
        ]
      ],
      "gamma": 0.95,
      "max_abs_scaled_soft_minus_q_norm": 3.552891314484441e-11,
      "q_final_delta": 9.592326932761353e-14,
      "q_iterations": 569,
      "q_norm": [
        [
          4.2530705879804245,
          4.46639009261107
        ],
        [
          4.243070587980425,
          5.054072999533818
        ],
        [
          4.801369349557036,
          5.898038677896562
        ],
        [
          5.603136744001643,
          6.905528312835356
        ],
        [
          6.560251897193498,
          8.087880713741978
        ],
        [
          7.683486678054788,
          9.473010863306653
        ]
      ],
      "soft_final_delta": 9.831024883055761e-14,
      "soft_iterations": 510
    },
    {
      "exact_greedy_policy": [
        1,
        1,
        1,
        1,
        1,
        1
      ],
      "f_gplus_star": [
        [
          0.37128865876505984,
          0.37493803915672597
        ],
        [
          0.37118865876505985,
          0.38440617145891315
        ],
        [
          0.3805621097442252,
          0.39685273499035983
        ],
        [
          0.39288420764035736,
          0.41008399688014086
        ],
        [
          0.4059831569112406,
          0.42380921313539177
        ],
        [
          0.419571121003939,
          0.4380011044372322
        ]
      ],
      "gamma": 0.99,
      "max_abs_scaled_soft_minus_q_norm": 9.78701564235962e-10,
      "q_final_delta": 9.947598300641403e-14,
      "q_iterations": 2895,
      "q_norm": [
        [
          37.12886587748465,
          37.49380391665126
        ],
        [
          37.11886587748465,
          38.440617146869975
        ],
        [
          38.05621097540118,
          39.685273500014645
        ],
        [
          39.2884207650144,
          41.008399688992725
        ],
        [
          40.5983156921027,
          42.38092131451782
        ],
        [
          41.957112101372545,
          43.800110444701865
        ]
      ],
      "soft_final_delta": 9.992007221626409e-14,
      "soft_iterations": 2437
    },
    {
      "exact_greedy_policy": [
        1,
        1,
        1,
        1,
        1,
        1
      ],
      "f_gplus_star": [
        [
          0.398819610343431,
          0.40077347773219135
        ],
        [
          0.398769610343431,
          0.40580832041751885
        ],
        [
          0.4037792788153319,
          0.412353977347259
        ],
        [
          0.41029220746042333,
          0.4192094441644599
        ],
        [
          0.4171133969435382,
          0.42620759691414384
        ],
        [
          0.42407655892947377,
          0.43332660935913125
        ]
      ],
      "gamma": 0.995,
      "max_abs_scaled_soft_minus_q_norm": 3.954681915274705e-09,
      "q_final_delta": 9.947598300641403e-14,
      "q_iterations": 5808,
      "q_norm": [
        [
          79.76392207264081,
          80.15469555039286
        ],
        [
          79.7539220726408,
          81.16166408745833
        ],
        [
          80.75585576702095,
          82.47079547340638
        ],
        [
          82.05844149603925,
          83.84188883684656
        ],
        [
          83.42267939266225,
          85.24151938678337
        ],
        [
          84.81531178984935,
          86.66532187578085
        ]
      ],
      "soft_final_delta": 9.992007221626409e-14,
      "soft_iterations": 4747
    }
  ]
}
